id,name
1,Pierrot
2,Kyoto Animation
3,Gonzo
4,Bones
5,Bee Train
6,Gainax
7,J.C.Staff
8,Artland
10,Production I.G
11,Madhouse
13,Studio 4°C
14,Sunrise
18,Toei Animation
21,Studio Ghibli
22,Nippon Animation
24,Studio Fantasia
27,Xebec
28,OLM
29,VAP
30,Ajia-do
32,Manglobe
34,HAL Film Maker
35,Seven Arcs
36,Gallop
37,Studio Deen
38,Arms
39,Daume
41,Satelight
43,ufotable
44,Shaft
47,Khara
48,AIC
49,Remic
50,KSS
51,Diomedéa
54,Mook Animation
56,A-1 Pictures
59,Beat Frog
60,Actas
61,Frontier Works
62,Shogakukan-Shueisha Productions
63,Trinet Entertainment
64,Sotsu
65,Tokyo Movie Shinsha
67,OB Planning
68,Mushi Production
69,Front Line
70,Nomad
72,Artmic
73,TMS Entertainment
75,Imagin
77,APPP
78,Picture Magic
79,Genco
80,Trans Arts
81,Radix
82,Marvelous Entertainment
83,AIC Spirits
84,Studio Rikka
86,Group TAC
88,AIC ASTA
89,BeSTACK
91,feel.
93,Studio Flag
94,Telecom Animation Film
95,Doga Kobo
96,Yumeta Company
101,Studio Hibari
103,Tatsunoko Production
107,Plum
108,Media Factory
110,Triangle Staff
111,NHK
112,Brain's Base
114,Studio Matrix
117,Studio Izena
118,SynergySP
120,TNK
122,Tokyo Kids
126,Studio Comet
131,G&G Entertainment
132,P.A. Works
134,HoriPro
136,Vega Entertainment
137,PPM
138,Himajin Planning
139,Nihon Ad Systems
141,Toei Video
144,Pony Canyon
150,Sanrio
154,E&G Films
155,animate Film
163,asread.
166,Movic
168,Shelty
169,Fuji TV
170,Imagica
171,A-Line
175,Planet
176,Ginga Ya
177,Studio Kyuuma
179,A.C.G.T.
183,Agent 21
191,Eiken
192,Shinkuukan
193,Idea Factory
196,Production Reed
198,Gakken
200,Tezuka Productions
207,Magic Bus
216,Studio Tron
218,Zexcs
226,Panmedia
228,Daewon Media
229,The Answer Studio
231,CyberConnect2
234,Oh! Production
235,Shirogumi
239,Y.O.U.C
242,Ashi Productions
246,Visual 80
247,Shin-Ei Animation
249,Robot Communications
253,Rikuentai
254,Soft Garage
255,Imagi
256,Studio Kikan
258,Echo
259,Kaeruotoko Shokai
265,Valkyria
271,Barnum Studio
272,Studio Kajino
273,Think Corporation
274,Suzuki Mirano
275,Kojiro Shishido Animation Works
276,DLE
280,Studio Junio
281,Kokusai Eigasha
285,Four Some
287,David Production
288,Kaname Productions
289,ACiD FiLM
290,Kinema Citrus
291,CoMix Wave Films
292,AIC PLUS+
293,Picograph
298,Anima
299,Studio Pastoral
300,SILVER LINK.
304,Primastea
307,Sunwoo Entertainment
309,GoHands
312,Life Work
314,White Fox
315,DAX Production
318,WAO World
322,Bee Media
323,Nippon Columbia
324,Directions
325,Code
326,Animation 21
329,Phoenix Entertainment
330,Kanaban Graphics
331,Indeprox
333,TYO Animations
334,Ordet
336,JM Animation
338,Studio Bogey
340,Future Planet
343,Puzzle Animation Studio Limited
346,Hoods Entertainment
347,PrimeTime
349,Itasca Studio
350,The Village of Marchen
354,Encourage Films
358,Telescreen
361,Oxybot
363,Topcraft
364,Sovat Theater
365,PoRO
366,Tomoyasu Murata Company
367,Heewon Entertainment
370,Iyasakadou Film
373,Panda Factory
374,Plus Heads
375,I.Toon
377,Kuri Jikken Manga Koubou
379,Avaco Creative Studios
381,Yamato Works
385,Tele-Cartoon Japan
386,Animaruya
388,Tamura Shigeru Studio
389,I-move
390,Tsuchida Productions
391,Grouper Productions
395,Oz Inc.
397,Bridge
398,Milky Cartoon
400,Gathering
401,ChuChu
403,Tokyo Media Connections
404,Studio Unicorn
405,T-Rex
406,Asahi Production
407,Studio 9 Maiami
409,Studio Egg
412,Studio Wombat
413,Pastel
418,Studio Gokumi
420,ACC Production
422,Schoolzone
423,Studio Eromatick
425,AIC Takarazuka
426,Filmlink International
427,Studio G-1Neo
429,Office AO
430,Mad Box
432,Kachidoki Studio
433,Viewworks
434,Synergy Japan
435,Studio Zero
436,AIC Build
437,Kamikaze Douga
438,Studio Signal
439,Project No.9
441,8bit
442,Minami Machi Bugyousho
443,Studio PuYUKAI
444,Jinnis Animation Studios
450,Wako Productions
452,Knack Productions
453,Tsuburaya Productions
455,Palm Studio
456,Lerche
457,Venet
462,Chaos Project
463,M.S.C
466,Digital Media Lab
471,Shanghai Animation Film Studio
472,Usagi Ou
473,Ascension
474,Shogakukan Music & Digital Entertainment
475,Ishikawa Pro
477,Kino Production
478,Studio Blanc.
479,DOGA Productions
481,Office Take Off
482,Automatic Flowers Studio
486,Digital Frontier
489,TCJ
492,Horannabi
494,Studio Take Off
497,Studio Gram
517,Asmik Ace
519,Collaboration Works
521,Anpro
523,SBS TV Production
525,KAGAYA Studio
537,SANZIGEN
539,Ultra Super Pictures
541,Seven
549,StudioRF Inc.
553,Marvy Jack
555,Studio Chizu
557,Zyc
559,Purple Cow Studio Japan
563,LandQ studios
565,LMD
567,D.A.S.T Corporation
569,MAPPA
579,AT-2
581,Sparky Animation
583,Annapuru
587,Tomason
589,Academy Productions
591,Romanov Films
593,Egg
601,lxtl
605,C2C
607,RAMS
629,Studio Sign
721,GANSIS
723,Hotline
753,PRA
755,Jumondou
761,Sunny Side Up
765,Sakura Create
767,Majin
801,Nihikime no Dozeu
803,Trigger
805,AIC Frontier
819,Next Media Animation
825,Fifth Avenue
831,Otogi Production
833,Kyotoma
839,LIDENFILMS
848,Kazami Gakuen Koushiki Douga-bu
850,Kenji Studio
852,Nexus
856,Charaction
858,Wit Studio
860,Triple X
866,Fanworks
878,An DerCen
884,Strawberry Meets Pictures
890,Karaku
894,Graphinica
896,Larx Entertainment
898,I.Gzwei
907,AYCO
909,Studio Kelmadick
911,Passione
917,Takahashi Studio
921,Dynamic Planning
929,Animation Do
931,Poncotan
939,Tama Production
945,Vasoon Animation
949,teamKG
951,NAZ
957,Connect
971,Anime R
979,SPEED
989,Nihon Hoso Eigasha
999,Studio Animal
1005,Oddjob
1009,Aubec
1013,Opera House
1023,Polygon Pictures
1025,Dongwoo A&E
1033,Studio Colorido
1037,Japan Vistec
1045,Space Neko Company
1053,Production IMS
1055,"Yamamura Animation, Inc."
1063,Calf Studio
1065,Public & Basic
1067,Rising Force
1075,C-Station
1077,MMDGP
1087,Lay-duce
1091,Gakken Eigakyoku
1093,BreakBottle
1095,Studio Cockpit
1099,Cyclone Graphics
1103,TROYCA
1107,Rabbit Gate
1109,Orange
1111,DandeLion Animation Studio
1115,Studio Korumi
1119,Shuka
1127,Studio 3Hz
1129,Pierrot Plus
1131,Zero-G Room
1133,dwarf
1135,FOREST Hunting One
1137,SEK Studios
1143,TOHO animation
1151,Sanrio Digital
1153,Image Kei
1155,Studio Moriken
1157,Big Bang
1165,Tri-Slash
1169,ILCA
1171,Olive Studio
1173,Studio Dadashow
1179,MK Pictures
1181,RG Animation Studios
1185,81 Produce
1187,Ripple Film
1189,Sola Digital Arts
1191,Azeta Pictures
1193,MooGoo
1195,Creators in Pack
1197,Steve N' Steven
1203,Studio 1st
1209,Studio A-CAT
1217,HeART-BIT
1229,Pie in the sky
1231,OLM Digital
1235,I was a Ballerina
1237,Millepensee
1239,KeyEast
1244,Studio VOLN
1248,Mirai Fusion
1249,Mirai Film
1252,Studio Binzo
1253,Studio GOONEYS
1257,A-Real
1258,Bandai Namco Pictures
1260,Nakamura Production
1263,Dynamo Pictures
1264,EMT Squared
1265,Tomovies
1266,Studio! Cucuri
1268,L²Studio
1269,K-Factory
1270,Sanctuary
1271,Assez Finaud Fabric
1276,HS Pictures Studio
1278,Signal.MD
1279,Buemon
1281,Office DCI
1282,Arcturus
1286,10Gauge
1290,Pollyanna Graphics
1291,KOO-KI
1292,TUBA
1295,PINE JAM
1296,Marza Animation Planet
1299,AXsiZ
1300,Office Nobu
1301,CCTV Animation Group
1304,Qualia Animation
1306,AIC Classic
1314,Gaina
1317,Production GoodBook
1320,Joker Films
1324,Shimogumi
1325,Haoliners Animation League
1328,Decovocal
1340,Typhoon Graphics
1348,Sugar Boy
1350,B.CMAY PICTURES
1352,Studio Ten Carat
1353,Issen
1356,Tonko House
1357,Craftar Studios
1361,Darts
1362,Rabbit Machine
1363,Marine Entertainment
1365,Shueisha
1368,Kazuki Production
1369,G-Lam
1370,Sprite Animation Studios
1371,T.P.O
1372,Soeishinsha
1374,Office TakeOut
1375,Studio Jam
1379,Zero-G
1380,domerica
1381,GEMBA
1382,Piko Studio
1383,Studio Live
1384,CinePix
1385,Blue Cat
1387,Neft Film
1393,Geno Studio
1396,W-Toon Studio
1399,asurafilm
1407,Children's Playground Entertainment
1419,GARDEN LODGE
1420,SIDO LIMITED
1421,Takara Tomy A.R.T.S
1426,Studio Meditation With a Pencil
1433,Ekura Animal
1435,JCF
1436,Stingray
1437,Ishimori Entertainment
1440,Felix Film
1441,Mippei Eigeki Kiryuukan
1442,Mook DLE
1444,Egg Firm
1445,Arcs Create
1454,REALTHING
1456,Beijing Huihuang Animation Company
1460,Coastline Animation Studio
1462,B&T
1463,Anime Antenna Iinkai
1464,Hiro Media
1465,Beijing Enlight Pictures
1471,Platinum Vision
1472,Myung Films
1473,Odolttogi
1476,Shochiku Animation Institute
1479,Studio Core
1485,Light Chaser Animation Studios
1487,Bouncy
1489,Ripromo
1504,Studio Z5
1505,Studio March
1509,Studio World
1512,Dai-Ichi Douga
1514,Tengu Kobo
1517,Jinnan Studio
1521,Studio Elle
1522,Echoes
1523,Studio Ponoc
1525,Moss Design Unit
1527,Image House
1529,Studio M2
1530,Emon
1531,Flavors Soft
1536,Namu Animation
1547,Blade
1558,TOCSIS
1560,Yaoyorozu
1562,Team YokkyuFuman
1567,Nut
1569,Seven Arcs Pictures
1572,XFLAG
1573,XFLAG Pictures
1575,DR Movie
1591,Science SARU
1592,Kamio Japan
1593,Success Corp.
1596,Will Palette
1618,Rockwell Eyes
1638,Tsukimidou
1639,Chiptune
1642,Circle Tribute
1650,Twilight Studio
1661,drop
1662,Creators Dot Com
1667,Foch Film
1668,Karasfilms
1669,production doA
1673,DMM.futureworks
1678,Yuhodo
1684,THINKR
1687,Yokohama Animation Laboratory
1690,Imagineer
1691,Studio UGOKI
1692,Revoroot
1693,Studio Flad
1705,Studio Khronos
1717,Onionskin
1722,Bibury Animation Studios
1723,Anime Beans
1724,Studio OX
1725,Minakata Laboratory
1726,Three-d
1746,Pops Inc.
1747,Twin Engine
1750,Studio CA
1751,pH Studio
1753,D & D Pictures
1754,Meruhensha
1759,Lyrics
1762,Piso Studio
1763,Studio Nanahoshi
1764,Picona
1766,Husio Studio
1767,iDRAGONS Creative Studio
1768,Sparkly Key Animation Studio
1769,helo.inc
1770,KIZAWA Studio
1771,Pb Animation Co. Ltd.
1772,Wawayu Animation
1774,LAN Studio
1776,Studio Mir
1793,Happy Elements
1794,EKACHI EPILKA
1795,CUCURI
1796,Digital Network Animation
1797,NHK Enterprises
1800,Marui Group
1804,Niceboat Animation
1805,Thundray
1807,2:10 Animation
1808,CG Year
1809,October Media
1810,Mili Pictures
1811,Boyan Pictures
1812,Imagica Imageworks
1813,Studio Lings
1814,Studio Hakk
1827,Motion Magic
1828,Lapin Track
1829,Lesprit
1830,Seven Stone Entertainment
1831,Colored Pencil Animation Japan
1832,GRIZZLY
1835,CloverWorks
1836,SELFISH
1837,G-angle
1838,33 Collective
1839,Studio Ppuri
1842,Urban Product
1843,TriF Studio
1844,Shanghai Hippo Animation
1845,Guton Animation Studio
1846,Tokyo Movie
1847,Square Enix Visual Works
1848,Dancing CG Studio
1849,MASTER LIGHTS
1851,Jumonji
1853,Saetta
1854,monofilmo
1857,Geek Toys
1860,Magia Doraglier
1861,Animation Planet
1864,Ezόla
1866,Grom
1867,Aurum Production
1871,Studio W.Baba
1872,P.I.C.S.
1873,Silver
1874,Arvo Animation
1876,CLAP
1879,Dangun Pictures
1881,Friendly Land
1882,UWAN Pictures
1887,Brio Animation
1890,Tear Studio
1892,Sublimation
1893,CygamesPictures
1897,Ankama Animations
1903,IMAGICA Lab.
1910,Sega Interactive
1927,Studio Crocodile
1930,Zelico Film
1932,Speed Inc.
1934,Saigo no Shudan
1936,Liberty Animation Studio
1938,Polygon Magic
1939,Alpha Animation
1943,Idol
1944,Samsara Animation Studio
1945,Lide
1947,Kate Arrow
1949,Anon Pictures
1951,ANIDO FILM
1952,Animation Staff Room
1953,W+K Tokyo
1954,Welz Animation Studios
1958,YHKT Entertainment
1959,Green Monster Team
1960,StoryRiders Co. Ltd.
1961,Creatures Inc.
1966,Arch
1967,Drive
1968,Studio Hokiboshi
1969,V-sign
1970,Wolf Smoke Studio
1971,Gainax Kyoto
1972,HOTZIPANG
1973,Monster's Egg
1974,ENGI
1975,Qubic Pictures
1976,CGCG Studio
1978,Maho Film
1979,Suna Kouhou
1980,Big Firebird Culture
1983,Anima&Co.
1984,Bakken Record
1991,Enishiya
1993,Studio Bind
1995,Live2D Creative Studio
1997,Studio Kai
1998,Studio Signpost
1999,Albacrow
2004,Sunrise Beyond
2009,Yostar Pictures
2010,Nippon Ramayana Film Co.
2011,Yonago Gainax
2013,Peak Hunt
2014,Nur
2020,Ark
2022,TYMOTE
2023,Spoon
2027,Team TillDawn
2029,Earth Design Works
2032,WHOPPERS
2033,FILMONY
2034,Akatsuki
2037,Okuruto Noboru
2040,Maro Studio
2041,Enjin Productions
2042,Ruo Hong Culture
2046,Dazzling Star
2047,Pancake
2048,ASK Animation Studio
2050,Trash Studio
2051,Studio Coa
2052,Wolfsbane
2053,l-a-unch・BOX
2054,MORIE Inc.
2055,BYMENT
2056,DRAWIZ
2057,Toho Interactive Animation
2058,Shengying Animation
2059,Suoyi Technology
2060,Wulifang
2061,Kaca Entertainment
2063,Spell Bound
2064,Mokai Technology
2065,Original Force
2067,Flat Studio
2068,Ai Si Animation Studio
2069,Making Animation
2070,Wei Chuang Jiang Xin
2071,AQUA ARIS
2073,Painting Dream
2075,Taomee
2076,Fenz
2078,HIDEHOMARE
2079,Animation Lab Japan
2080,Super Normal Studio
2081,JJJOY Animation Studios
2082,Benlai Pictures
2084,Tong Mingxuan Studio
2085,Acca effe
2086,Giga Production
2091,Xanthus Media
2097,HORNETS
2114,Ether Kitten
2115,Gosay Studio
2122,PERIMETRON
2125,LICO
2126,Red Dog Culture House
2129,Visual Flight
2130,Studio Shelter
2133,Djinn Power
2134,Studio CANDY BOX
2136,Ten Tails Animation
2137,1IN
2140,Qianqi Animation
2141,TANOsim
2143,LX Animation Studio
2144,BloomZ
2151,Ekakiya
2157,Production +h.
2158,Durufix
2159,Composition Inc.
2161,Suspenders
2162,Maxilla
2163,Teatro Nishi Tokyo Studio
2164,Super Brain
2167,Hololive Production
2169,Studio 88
2170,Alpha Group
2171,Paper Animation
2175,GARDEN Culture
2177,Mimoid
2178,Tecarat
2179,FIREBUG
2183,Keica
2184,The Monk Studios
2188,Marone
2191,BUILD DREAM
2192,Hai An Xian Donghua Gongzuo Shi
2193,ORENDA
2194,Yi Chen Animation
2195,PONOS Corporation
2196,Studio DURIAN
2201,Studio Palette
2202,Front Wing
2204,OZ
2205,Studio Kafka
2206,Xuni Ying Ye
2207,Poly Animation
2208,Taikong Works
2210,Jichitai Anime
2211,Lingsanwu Animation
2212,Tsumugi Akita Animation Lab
2213,Magma Studio
2214,Takun Manga Box
2226,Gambit
2233,Starry Cube
2239,Transcendence Picture
2240,Studio Daisy
2241,Dawn Animation
2243,Quebico
2244,Studio Gohan
2246,studio MOTHER
2247,Delight Animation
2248,Indivision
2249,Flagship Line
2250,Spooky graphic
2251,TthunDer Animation
2252,Studio Kingyoiro
2253,miHoYoAnime
2256,Kitty Film Mitaka Studio
2257,XEBEC M2
2258,Sharefun Studio
2264,5 Inc.
2265,ARECT
2266,Planet Nemo Animation
2267,MMT Technology
2268,Point Pictures
2269,New Generation
2270,Wise Guy
2274,Qiying Animation
2275,Drawing and Manual
2276,Project Team Sarah
2277,Network Kouenji Studio
2281,Rocen
2282,Studio Guts
2283,Manga Productions
2284,SJYNEXCUS
2288,Qzil.la
2294,AHA Entertainment
2295,Story Effect
2298,Atelier Pontdarc
2299,GIFTanimation
2300,Studio Jemi
2301,Borutong
2302,Nostalook
2303,Noovo
2304,TrioPen Studio
2305,Fukushima Gaina
2310,Paper Plane Animation Studio
2311,Gyorai Eizo Inc.
2313,studio hb
2314,Quad
2315,Office No. 8
2316,Maboroshi Koubou
2317,Dream Entertainment
2318,ORADA COMPANY
2319,Datama Film
2320,Inugoya
2321,Production D.M.H
2322,Mousou Senka
2323,Cafe de Jeilhouse
2325,Bibury Animation CG
2327,Studio Boogie Nights
2328,Sonsan Kikaku
2329,Shinjukuza
2330,Meltdown
2331,Shura
2332,Shion
2333,Space-X
2334,Mouse
2335,Shindeban Film
2336,Lead
2337,Studio Soul
2338,Studio Ten
2339,Melissa
2340,Cutie Bee
2341,Studio Prokion
2342,PP Project
2345,Onion Studio
2346,Alice Production
2347,IKK Room
2348,KKC Animation Production
2349,Potato House
2350,Kantou Douga Kai
2351,Studio Gadget
2352,Tryforce
2353,P core
2355,Alfred Imageworks
2356,Kung Fu Frog Animation
2358,Big Wing
2359,Aiko
2360,Amarcord
2361,Okumaza
2362,Aiti St.
2363,JOF
2365,MI
2366,Kigumi
2370,Hayabusa Film
2371,Planet Cartoon
2372,Flint Sugar
2374,Momoi Planning
2375,GAV Video
2379,Scooter Films
2387,Ga-Crew
2388,Ai Yume Mai
2389,G.P Entertainment
2390,Concept Films
2391,Sumomo Film
2392,Ishibashi Planning
2393,MB planning
2394,MoMo Production
2395,J.C.F.
2396,Joicy Studio
2397,Pink Cat
2398,VCRWORKS
2399,Eshoya Honpo
2400,Executive Decision
2401,YURUPPE Inc.
2403,Brians Film
2405,Staple Entertainment
2406,Eallin
2407,Flying Ship Studio
2409,Amineworks
2410,Gonzino
2411,Studio Massket
2412,FUNNY MOVIE
2413,AION Studio
2414,MontBlanc Pictures
2415,HuaMei Animation
2416,Kent House
2418,Imagica Digitalscape
2419,d00r works
2420,Tang Kirin Culture
2421,M&M
2424,Bandai Namco Filmworks
2429,STUDIO6'oN
2432,happyproject
2436,Frontier One
2437,Infinity Vision
2438,yell
2439,Chosen
2444,Hanho Heung-Up
2447,Youku
2449,Atorie A.B.C.
2450,C and R
2451,TEC
2452,Project Team Muu
2453,Kusama Art
2454,Ryuu M's
2455,East Fish Studio
2456,team Yamahitsuji
2457,Studio Ranmaru
2459,Studio Gazelle
2460,aNCHOR
2461,Twenty First
2463,Cloud Art
2469,HM Heros
2471,Wonder Cat Animation
2472,High Energy Studio
2474,Haneda xR Studio
2478,Oriental Creative Color
2482,Atti Production
2484,Gunners
2486,Blue Note
2487,Kyushu Network Animation
2488,J.K.I
2489,Tsubo Production
2490,Studio Dolphin Night
2491,Mikimoto Production
2492,Studio Jin
2493,Studio B&M
2494,Enzo Animation
2503,7doc
2508,Deck
2509,Colored Pencil Animation
2513,HMCH
2514,AIC Project
2520,Twilight Town
2521,Qiyuan Yinghua
2525,Hurray!
2526,Shenman Entertainment
2527,Liber
2528,Passion Paint Animation
2529,Xing Yi Kai Chen
2530,Blue bread
2534,studio YOG
2535,Uguisu Kobo
2540,Fever Creations
2541,SAMG Entertainment 
2544,Kami Kukan
2546,Studio Sota
2549,StudioXD
2550,ONIRO
2551,Animation 501
2552,C&S Production
2553,Garyuu Studio
2554,Gekkou
2555,Year Young Culture
2558,Delpic
2559,Guo Pengzi Studio
2560,Nekonigashi Inc.
2561,OTOIRO
2562,Studio Himalaya
2563,Studio Tumble
2564,Yamiken
2569,Yinhe Changxing Culture
2570,Ijigen Tokyo
2571,Griot Groove
2572,Adonero
2573,Watanabe Promotion
2574,Circus Production
2576,General Entertainment
2580,GUMBLAB
2586,D.ROCK-ART 
2591,Studio Pivote
2593,Angle
2595,TypeZero
2596,Comma Studio
2597,Wong Ping Animation Lab
2598,Bigcat Studio
2600,Cloud Hearts
2601,Sunflowers
2604,DC Impression Vision
2605,Tonari Animation
2611,Fantawild Animation
2612,Fengyun Animation
2613,Aurora Animation
2614,Chongzhuo Animation
2617,Tianshi Wenhua
2619,Quyue Technology
2622,Makaria
2623,Dyna Method
2624,Village Studio
2625,Square Pictures
2626,Studio D-Volt
2628,Xiaoming Taiji
2635,Escape Velocity Animation
2636,Qingxiang Culture
2638,Yien Animation Studio
2641,Locus Corporation
2642,E&H Production
2644,Kuai Ying Hu Yu
2645,Liyu Culture
2646,trenova
2647,Studio A. Craft
2648,Au Praxinoscope
2649,LB Commerce
2651,Stereotype
2652,Gravity Well
2656,UchuPeople
2657,NANON CREATIVE
2658,flag Co.
2660,UKA
2663,Rock'n Roll Mountain
2665,AMGA
2666,EOEO System
2667,Keyring
2669,THINGS.
2674,BUG FILMS
2676,Pmats9 studio
2677,Central Animation Studio
2678,Slow Studio
2679,cogitoworks
2682,Steamworks
2684,CHOCOLATE
2686,EDP graphic works
2688,Saber Project
2694,studio NAGURI
2695,SIGNIF
2696,100studio
2698,Voil
2701,CMC Media
2702,HuaDream
2703,Oyster
2705,TOHO animation STUDIO
2711,Miyu Productions
2712,Studio G7
2713,Infinity Animations
2714,evg
2715,Hand to Mouse.
2721,NHK Art
2722,Studio Fusion
2723,Unend
2724,Heart & Soul Animation
2725,CompTown
2728,New Deer
2729,CANON RECORDINGS
2737,Painted Blade Studio
2742,Studio N
2743,Shengguang Knight Culture
2746,Studio Vandal
2748,Sankaku
2749,Anime Tokyo
2750,Hu Po Donghua
2752,Youliao Studio
2753,Whatever Co.
2754,Contrail
2755,Congrong Film
2757,Caviar
2760,Studio Add
2761,ARCUS
2762,Studio Matomo
2764,Studio HUIT
2765,Bebow
2767,Euluca Lab
2773,Transistor Studio
2775,Production Wave
2778,Sasayuri
2779,Studio BAZOOKA
2781,Cloud Culture
2783,ANYZAC
2784,Medo
2785,Shikachan Studio
2787,Studio Lemon
2790,Hezmon Animation
2792,INTERFACEDOGS
2794,BUDDHA INC.
2802,Yudubai Animation
2804,Seoul Movie
2807,ABJ COMPANY
2809,PHANTOM
2810,Studio Yona
2812,Zuiyo
2813,Iconix Entertainment
2814,Image Studio 109
2818,qmotri
2819,soket
2820,maroyaka
2821,Fugaku
2822,Shykeumo Animation Studio
2824,Production HASU
2828,Studio Polon
2829,EOTA
2830,Artner
2831,uzupiyo Animation & Digital Works
2832,VROOOOM
2833,Sofix
2834,Hero
2835,ROLL2
2844,Imagica Infos
2846,Studio Bingo
2848,Taiko Studios
2850,SAFEHOUSE
2853,ASTROBROS.
2854,Volca
2855,Studio Moe
2857,CELAVIE
2858,Makino Production
2859,924 Studio
2860,CANOPUS
2861,KWANED
2863,Miota
2864,Windy Studio
2870,Alke
2875,Blaze Studio
2877,D'ART Shtajio
2878,Khaki
2879,Grayscale Arts
2880,ORCEN
2881,Andraft
2882,THREE IS A MAGIC NUMBER
2883,Atelier Tuki
2885,Group Creato
2888,Wang Film Productions
2891,A4A Inc.
2893,Gear Studio
2894,Konami animation
2895,Team OneOne
2897,MOJO Animation
2898,Manaa Animation
2906,Kobito
2907,Studio Placebo
2909,Teddy
2911,Studio Eight Color
2914,Creative House Pocket
2916,Reirs
2917,Soigne
2919,Le-joy Animation Studio
2921,Public Enemies
2928,Elias
2929,Studio Outrigger
2931,Buyuu
2933,Hutoon Animation
2934,studio2 Animation Lab
2936,G&G Direction
2938,3D Co.
2939,Studio Gale
2940,Ocon Studio
2944,Brick Studio
2945,Studio Goindol
2947,Tokyo TV Douga
2948,Nippon TV Douga
2950,studio ALBLE
2951,Pierrot Films
2953,Flying Monkeys Production
2954,Studio Button
2955,Sunny Gapen
2957,Particlefield
2967,Digital Dream Studios
2969,Mainichi Eigasha
2970,717 Animation Studio
2972,Cocktail Media
2977,BlueArc Animation Studios
2982,Ginga Teikoku
2983,Imageworks Studio
2985,Saber Works
2986,Sugata Creative & Design
2987,Outline
2988,Shadow Pond Studio
2989,LIGHTAIR Inc.
2990,Higashinaka Studio
2992,R11R
2994,Aurochs
2997,Million Volt
3002,CUEBiC Inc.
3007,Studio Harutonari
3009,Kitchen Ltd.
3013,Rhythmos
3014,STUDIOK110
3022,Panda Tower Studio
3023,FAB
3031,Kassen
3033,Studio Barcelona
3035,Koinrush Studio
3036,MARK
3040,Durandal
3042,Project Studio Q
3044,Bellnox Films
3045,Bones Film
3046,Tsumupapa
3048,Kachigarasu
3049,STUDIO 8 DOGS
3050,Crew-Cell
3052,Studio KeepFire
3055,Animation Studio Wagumi
3060,WonderLand
3061,AOI Pro.
3062,DEFT
3066,Aeonium
3070,Studio Clutch
3071,Shuiniu Dongman
3073,Yasuda Genshou Studio by Xenotoon
3074,Kumarba
3076,No Side
3077,Axis
3078,Studio LEO
3079,LinQ
3081,Fortes
3082,teevee graphics
3083,Nagomi
3085,I & A
3086,ILCASHIPS
3089,StealthWorks
3090,MAINCONCEPT
3091,KaKa Technology Studio
3099,sugarsaltpepper
3107,"Hifumi, Inc."
3111,Raiose
3117,Jiman Wenhua
3120,Stellar Pictures
3121,Happy Toon
3122,Climax Studio
3127,INS Studio
3132,Flying Fish Studio
3138,Honoo
3139,S.o.K
3148,OSROCTION
3149,Pepper Conpanna
3150,Ziine Studio
